,precision,recall,f1-score,support
0,0.891213389121339,0.8352941176470589,0.8623481781376519,255.0
1,0.23636363636363636,0.3333333333333333,0.2765957446808511,39.0
accuracy,0.7687074829931972,0.7687074829931972,0.7687074829931972,0.7687074829931972
macro avg,0.5637885127424876,0.5843137254901961,0.5694719614092515,294.0
weighted avg,0.8043455647759294,0.7687074829931972,0.7846463247199129,294.0
