,precision,recall,f1-score,support
0,0.8811475409836066,0.8431372549019608,0.8617234468937875,255.0
1,0.2,0.2564102564102564,0.2247191011235955,39.0
accuracy,0.7653061224489796,0.7653061224489796,0.7653061224489796,0.7653061224489796
macro avg,0.5405737704918033,0.5497737556561086,0.5432212740086915,294.0
weighted avg,0.7907912345265975,0.7653061224489796,0.7772228704140682,294.0
