,precision,recall,f1-score,support
0,0.8829787234042553,0.9764705882352941,0.9273743016759777,255.0
1,0.5,0.15384615384615385,0.23529411764705882,39.0
accuracy,0.8673469387755102,0.8673469387755102,0.8673469387755102,0.8673469387755102
macro avg,0.6914893617021276,0.565158371040724,0.5813342096615183,294.0
weighted avg,0.8321754233608337,0.8673469387755102,0.8355677466517334,294.0
