,precision,recall,f1-score,support
0,0.8718861209964412,0.9607843137254902,0.914179104477612,255.0
1,0.23076923076923078,0.07692307692307693,0.11538461538461539,39.0
accuracy,0.8435374149659864,0.8435374149659864,0.8435374149659864,0.8435374149659864
macro avg,0.551327675882836,0.5188536953242836,0.5147818599311137,294.0
weighted avg,0.7868400029050766,0.8435374149659864,0.8082165702101736,294.0
