,precision,recall,f1-score,support
0,0.875,0.9882352941176471,0.9281767955801105,255.0
1,0.5,0.07692307692307693,0.13333333333333333,39.0
accuracy,0.8673469387755102,0.8673469387755102,0.8673469387755102,0.8673469387755102
macro avg,0.6875,0.532579185520362,0.5307550644567219,294.0
weighted avg,0.8252551020408163,0.8673469387755102,0.8227383771188033,294.0
