,precision,recall,f1-score,support
0,0.8780487804878049,0.9882352941176471,0.9298892988929889,255.0
1,0.5714285714285714,0.10256410256410256,0.17391304347826086,39.0
accuracy,0.8707482993197279,0.8707482993197279,0.8707482993197279,0.8707482993197279
macro avg,0.7247386759581882,0.5453996983408749,0.5519011711856249,294.0
weighted avg,0.8373746711228045,0.8707482993197279,0.8296067343991985,294.0
