,precision,recall,f1-score,support
0,0.8794326241134752,0.9725490196078431,0.9236499068901304,255.0
1,0.4166666666666667,0.1282051282051282,0.19607843137254902,39.0
accuracy,0.8605442176870748,0.8605442176870748,0.8605442176870748,0.8605442176870748
macro avg,0.6480496453900709,0.5503770739064857,0.5598641691313397,294.0
weighted avg,0.8180453032276741,0.8605442176870748,0.8271353234031044,294.0
