,precision,recall,f1-score,support
0,0.8715277777777778,0.984313725490196,0.9244935543278084,255.0
1,0.3333333333333333,0.05128205128205128,0.08888888888888889,39.0
accuracy,0.8605442176870748,0.8605442176870748,0.8605442176870748,0.8605442176870748
macro avg,0.6024305555555556,0.5177978883861236,0.5066912216083487,294.0
weighted avg,0.8001346371882087,0.8605442176870748,0.8136480374838702,294.0
