,precision,recall,f1-score,support
0,0.8673469387755102,1.0,0.9289617486338798,255.0
1,0.0,0.0,0.0,39.0
accuracy,0.8673469387755102,0.8673469387755102,0.8673469387755102,0.8673469387755102
macro avg,0.4336734693877551,0.5,0.4644808743169399,294.0
weighted avg,0.7522907122032486,0.8673469387755102,0.8057321289171407,294.0
