,precision,recall,f1-score,support
0,0.8762886597938144,1.0,0.9340659340659341,255.0
1,1.0,0.07692307692307693,0.14285714285714285,39.0
accuracy,0.8775510204081632,0.8775510204081632,0.8775510204081632,0.8775510204081632
macro avg,0.9381443298969072,0.5384615384615384,0.5384615384615384,294.0
weighted avg,0.8926993477803494,0.8775510204081632,0.8291096658443597,294.0
